{
  "hash": "5395f83a",
  "configHash": "10db6b3b",
  "lockfileHash": "18eaa0a3",
  "browserHash": "a4d7c2fb",
  "optimized": {
    "@angular/common": {
      "src": "../../../../../node_modules/@angular/common/fesm2022/common.mjs",
      "file": "@angular_common.js",
      "fileHash": "723e15f9",
      "needsInterop": false
    },
    "@angular/common/http": {
      "src": "../../../../../node_modules/@angular/common/fesm2022/http.mjs",
      "file": "@angular_common_http.js",
      "fileHash": "825e7427",
      "needsInterop": false
    },
    "@angular/core": {
      "src": "../../../../../node_modules/@angular/core/fesm2022/core.mjs",
      "file": "@angular_core.js",
      "fileHash": "73c7089b",
      "needsInterop": false
    },
    "@angular/core/rxjs-interop": {
      "src": "../../../../../node_modules/@angular/core/fesm2022/rxjs-interop.mjs",
      "file": "@angular_core_rxjs-interop.js",
      "fileHash": "05f8ae1a",
      "needsInterop": false
    },
    "@angular/forms": {
      "src": "../../../../../node_modules/@angular/forms/fesm2022/forms.mjs",
      "file": "@angular_forms.js",
      "fileHash": "3917fd3e",
      "needsInterop": false
    },
    "@angular/material/autocomplete": {
      "src": "../../../../../node_modules/@angular/material/fesm2022/autocomplete.mjs",
      "file": "@angular_material_autocomplete.js",
      "fileHash": "4bea5bdd",
      "needsInterop": false
    },
    "@angular/material/core": {
      "src": "../../../../../node_modules/@angular/material/fesm2022/core.mjs",
      "file": "@angular_material_core.js",
      "fileHash": "892e455b",
      "needsInterop": false
    },
    "@angular/material/datepicker": {
      "src": "../../../../../node_modules/@angular/material/fesm2022/datepicker.mjs",
      "file": "@angular_material_datepicker.js",
      "fileHash": "498c49a5",
      "needsInterop": false
    },
    "@angular/material/form-field": {
      "src": "../../../../../node_modules/@angular/material/fesm2022/form-field.mjs",
      "file": "@angular_material_form-field.js",
      "fileHash": "e0b223ce",
      "needsInterop": false
    },
    "@angular/material/input": {
      "src": "../../../../../node_modules/@angular/material/fesm2022/input.mjs",
      "file": "@angular_material_input.js",
      "fileHash": "7622cc04",
      "needsInterop": false
    },
    "@angular/material/select": {
      "src": "../../../../../node_modules/@angular/material/fesm2022/select.mjs",
      "file": "@angular_material_select.js",
      "fileHash": "b134788e",
      "needsInterop": false
    },
    "@angular/platform-browser": {
      "src": "../../../../../node_modules/@angular/platform-browser/fesm2022/platform-browser.mjs",
      "file": "@angular_platform-browser.js",
      "fileHash": "71076780",
      "needsInterop": false
    },
    "@angular/platform-browser/animations": {
      "src": "../../../../../node_modules/@angular/platform-browser/fesm2022/animations.mjs",
      "file": "@angular_platform-browser_animations.js",
      "fileHash": "48d92a20",
      "needsInterop": false
    },
    "@angular/router": {
      "src": "../../../../../node_modules/@angular/router/fesm2022/router.mjs",
      "file": "@angular_router.js",
      "fileHash": "4c162b56",
      "needsInterop": false
    },
    "@coreui/angular": {
      "src": "../../../../../node_modules/@coreui/angular/fesm2022/coreui-angular.mjs",
      "file": "@coreui_angular.js",
      "fileHash": "24467419",
      "needsInterop": false
    },
    "@coreui/angular-chartjs": {
      "src": "../../../../../node_modules/@coreui/angular-chartjs/fesm2022/coreui-angular-chartjs.mjs",
      "file": "@coreui_angular-chartjs.js",
      "fileHash": "11497f6b",
      "needsInterop": false
    },
    "@coreui/icons": {
      "src": "../../../../../node_modules/@coreui/icons/dist/esm/index.js",
      "file": "@coreui_icons.js",
      "fileHash": "54b9be7c",
      "needsInterop": false
    },
    "@coreui/icons-angular": {
      "src": "../../../../../node_modules/@coreui/icons-angular/fesm2022/coreui-icons-angular.mjs",
      "file": "@coreui_icons-angular.js",
      "fileHash": "9bad0798",
      "needsInterop": false
    },
    "@coreui/utils": {
      "src": "../../../../../node_modules/@coreui/utils/dist/esm/index.js",
      "file": "@coreui_utils.js",
      "fileHash": "c0d5849f",
      "needsInterop": false
    },
    "@ng-select/ng-select": {
      "src": "../../../../../node_modules/@ng-select/ng-select/fesm2022/ng-select-ng-select.mjs",
      "file": "@ng-select_ng-select.js",
      "fileHash": "e56836c2",
      "needsInterop": false
    },
    "ag-grid-angular": {
      "src": "../../../../../node_modules/ag-grid-angular/fesm2022/ag-grid-angular.mjs",
      "file": "ag-grid-angular.js",
      "fileHash": "990c19fb",
      "needsInterop": false
    },
    "ngx-scrollbar": {
      "src": "../../../../../node_modules/ngx-scrollbar/fesm2022/ngx-scrollbar.mjs",
      "file": "ngx-scrollbar.js",
      "fileHash": "60cda917",
      "needsInterop": false
    },
    "ngx-toastr": {
      "src": "../../../../../node_modules/ngx-toastr/fesm2022/ngx-toastr.mjs",
      "file": "ngx-toastr.js",
      "fileHash": "a3477db4",
      "needsInterop": false
    },
    "rxjs": {
      "src": "../../../../../node_modules/rxjs/dist/esm5/index.js",
      "file": "rxjs.js",
      "fileHash": "e5b7d4b3",
      "needsInterop": false
    },
    "rxjs/operators": {
      "src": "../../../../../node_modules/rxjs/dist/esm5/operators/index.js",
      "file": "rxjs_operators.js",
      "fileHash": "7e864344",
      "needsInterop": false
    }
  },
  "chunks": {
    "chunk-UO4QRCLR": {
      "file": "chunk-UO4QRCLR.js"
    },
    "chunk-SHBZW3D5": {
      "file": "chunk-SHBZW3D5.js"
    },
    "chunk-SOOK3OIC": {
      "file": "chunk-SOOK3OIC.js"
    },
    "chunk-MZH3NGSL": {
      "file": "chunk-MZH3NGSL.js"
    },
    "chunk-KKHAKB2V": {
      "file": "chunk-KKHAKB2V.js"
    },
    "chunk-UF6HVGZF": {
      "file": "chunk-UF6HVGZF.js"
    },
    "chunk-GKWECDPB": {
      "file": "chunk-GKWECDPB.js"
    },
    "chunk-32UQVCDQ": {
      "file": "chunk-32UQVCDQ.js"
    },
    "chunk-J2QSUN7F": {
      "file": "chunk-J2QSUN7F.js"
    },
    "chunk-2YSEVX4Z": {
      "file": "chunk-2YSEVX4Z.js"
    },
    "chunk-D4FR7AVQ": {
      "file": "chunk-D4FR7AVQ.js"
    },
    "chunk-NSXR4Z5W": {
      "file": "chunk-NSXR4Z5W.js"
    },
    "chunk-EF7RJO27": {
      "file": "chunk-EF7RJO27.js"
    },
    "chunk-DVCXGO2A": {
      "file": "chunk-DVCXGO2A.js"
    },
    "chunk-V4HSFT2H": {
      "file": "chunk-V4HSFT2H.js"
    },
    "chunk-2ZLRKTML": {
      "file": "chunk-2ZLRKTML.js"
    },
    "chunk-5SQEDC4B": {
      "file": "chunk-5SQEDC4B.js"
    },
    "chunk-QN5HDKTT": {
      "file": "chunk-QN5HDKTT.js"
    },
    "chunk-XPU7EA6D": {
      "file": "chunk-XPU7EA6D.js"
    },
    "chunk-MHK6ZZQX": {
      "file": "chunk-MHK6ZZQX.js"
    },
    "chunk-6WCCERUZ": {
      "file": "chunk-6WCCERUZ.js"
    }
  }
}